1,5,mod/booking:choose,1,1363254481,58
1,12,mod/booking:choose,1,1363254481,58
1,16,mod/booking:choose,1,1363254481,58
1,3,mod/booking:choose,1,1363254481,58
1,14,mod/booking:choose,1,1363254481,58
1,18,mod/booking:choose,1,1363254481,58
1,1,mod/booking:choose,1,1363254481,58
1,10,mod/booking:choose,1,1363254481,58
1,3,mod/booking:readresponses,1,1363254481,58
1,14,mod/booking:readresponses,1,1363254481,58
1,18,mod/booking:readresponses,1,1363254481,58
1,1,mod/booking:readresponses,1,1363254481,58
1,10,mod/booking:readresponses,1,1363254481,58
1,3,mod/booking:deleteresponses,1,1363254481,58
1,14,mod/booking:deleteresponses,1,1363254481,58
1,18,mod/booking:deleteresponses,1,1363254481,58
1,1,mod/booking:deleteresponses,1,1363254481,58
1,10,mod/booking:deleteresponses,1,1363254481,58
1,3,mod/booking:updatebooking,1,1363254481,58
1,14,mod/booking:updatebooking,1,1363254481,58
1,18,mod/booking:updatebooking,1,1363254481,58
1,1,mod/booking:updatebooking,1,1363254481,58
1,10,mod/booking:updatebooking,1,1363254481,58
1,3,mod/booking:downloadresponses,1,1363254481,58
1,14,mod/booking:downloadresponses,1,1363254481,58
1,18,mod/booking:downloadresponses,1,1363254481,58
1,1,mod/booking:downloadresponses,1,1363254481,58
1,10,mod/booking:downloadresponses,1,1363254481,58
